area_m2,habitaciones,banos,ubicacion,antiguedad,piscina,garaje,precio
104,4,3,Centro,16,0,1,572406.1617306566
85,1,3,Norte,31,0,1,242111.78454615234
109,3,1,Sur,8,0,0,321629.8224236994
135,5,3,Norte,39,0,0,478336.5877029343
82,3,3,Oeste,19,0,0,416225.92458226456
82,3,2,Norte,25,0,1,418412.28456721624
137,1,1,Oeste,26,1,0,290173.41322590155
113,1,1,Oeste,20,1,0,245325.3787007608
75,1,1,Norte,17,0,0,234392.18189331668
106,2,3,Norte,12,1,0,380823.2514687075
76,4,1,Oeste,15,0,1,380087.36805693986
76,2,3,Sur,8,0,1,446263.8045218519
97,4,3,Oeste,11,0,0,506355.7714282884
32,4,2,Este,43,0,1,343898.71561257256
38,3,2,Oeste,37,1,1,290404.0499443639
73,3,2,Sur,18,0,1,387569.828373533
59,4,2,Este,6,0,1,490132.86453937634
99,4,2,Centro,34,1,1,552218.3167117232
62,2,3,Centro,47,0,1,455555.7044993357
47,2,3,Sur,17,0,0,367637.26447591034
133,3,1,Oeste,15,0,1,496186.64160717366
83,1,3,Norte,38,1,1,342262.15632656764
92,4,3,Sur,3,1,0,555369.5849903006
47,2,2,Este,24,0,0,329709.3644165545
73,3,3,Este,31,0,1,403369.69685344875
93,2,2,Centro,39,0,1,379938.2946104894
55,4,1,Este,12,1,1,418572.8581736069
101,4,1,Sur,44,0,1,384927.74768868694
71,5,3,Este,16,0,1,444471.9289026891
81,1,1,Sur,48,1,1,237837.05423179036
71,5,3,Norte,36,0,1,523827.3559115127
145,3,1,Centro,5,0,1,435437.30744173593
89,2,2,Este,18,0,1,419724.10508972575
58,3,2,Sur,12,1,1,480118.71093515796
114,4,2,Oeste,25,0,0,401011.7692084762
53,5,2,Centro,13,0,1,594169.5413935905
96,5,3,Norte,30,0,1,506157.3863453163
31,5,1,Sur,3,0,0,466499.51842193416
50,3,3,Norte,38,0,1,393134.15713849704
95,4,2,Norte,7,0,1,400996.4638408495
112,2,3,Este,24,1,0,433363.12067320885
95,2,1,Este,12,0,1,320718.6073178376
86,3,3,Sur,31,0,1,398141.628525905
80,5,1,Oeste,37,0,1,379591.4049515092
45,1,3,Sur,37,0,0,298406.8534560418
68,3,1,Oeste,27,1,1,426003.0909951288
76,3,1,Norte,29,0,1,291011.4418013516
121,4,2,Centro,2,0,0,510269.4696544884
100,2,1,Sur,27,0,1,286716.3684511076
37,3,2,Sur,2,0,1,394725.1323045653
99,3,2,Oeste,44,0,0,333010.2921973111
78,5,2,Norte,33,0,1,514656.6412384122
69,5,3,Norte,15,1,1,598495.9861090427
108,1,3,Oeste,21,1,0,404478.4512876453
120,4,3,Norte,31,0,0,464342.77003052185
117,1,3,Este,37,1,0,263535.0634894505
64,5,1,Centro,7,0,0,520215.0734426549
80,2,1,Sur,7,0,1,379004.4869954333
99,5,3,Centro,5,0,1,656423.8535737677
119,4,1,Sur,13,0,0,448154.5184311873
75,5,1,Este,31,0,0,377062.58423769334
84,4,2,Norte,34,0,0,324509.40757290774
56,4,2,Oeste,9,0,1,421832.79679769446
54,4,2,Este,2,0,0,425452.3721516327
114,4,2,Centro,11,0,1,549215.6140269279
130,4,1,Oeste,48,1,1,432214.43775716657
87,2,3,Norte,30,0,0,270026.83790070086
120,1,1,Este,28,0,1,329962.2458782048
100,3,1,Oeste,4,0,1,387277.2121205983
70,1,1,Este,24,0,1,304637.7772563092
100,4,2,Este,40,1,1,536437.3925270454
136,2,2,Norte,30,0,0,331947.7017639128
88,5,2,Sur,20,0,0,407577.5633726325
136,2,3,Oeste,19,1,1,363705.10611333314
11,4,1,Norte,38,0,0,191398.1463486604
114,2,3,Este,21,0,0,293308.258755067
92,2,2,Norte,3,0,0,414923.4813730752
81,4,3,Sur,12,1,0,502791.22936134733
92,2,1,Oeste,44,0,1,283480.22620459937
30,3,1,Sur,41,0,0,116978.9495532437
83,3,2,Centro,49,0,1,365101.6785391369
100,2,2,Oeste,48,0,1,338353.98882231436
134,5,3,Sur,19,0,1,580338.7056191294
74,4,2,Este,12,0,0,402639.73606572015
65,3,2,Oeste,16,0,1,401242.1179300061
74,5,1,Oeste,35,1,0,515789.89030679077
117,2,2,Norte,32,1,1,381947.87682314747
99,5,2,Este,0,0,1,542468.4901329034
74,1,1,Centro,14,1,1,415629.84593656525
105,3,1,Sur,12,0,1,510605.4817636996
92,2,3,Norte,16,0,1,275032.1867790487
119,4,2,Sur,23,0,0,467161.1507394404
68,2,1,Centro,7,1,1,458259.8875620468
80,4,3,Centro,49,1,1,580338.586309209
78,2,3,Oeste,26,0,0,283131.3723002638
46,5,2,Centro,44,1,1,545551.7484570775
98,5,2,Sur,22,0,1,529570.5289732747
97,5,3,Este,45,1,1,682645.510052192
90,1,1,Este,7,1,1,376401.8094701036
82,4,3,Oeste,7,0,1,445596.7200984746
47,5,2,Sur,25,1,0,435812.01589886483
77,1,1,Sur,46,0,1,172329.2945808073
79,4,1,Centro,12,0,0,395217.8413684992
65,2,3,Sur,38,0,1,292495.4904149281
85,1,2,Norte,36,0,0,259641.45409108725
102,3,3,Centro,48,1,0,432288.3940461603
146,1,3,Norte,27,0,1,414424.1325525296
95,1,3,Oeste,24,0,1,341388.7410542169
97,4,1,Este,15,1,0,410288.3339014481
87,2,1,Oeste,1,1,1,387923.51813310763
32,3,2,Este,17,0,0,387916.09038205165
89,5,2,Oeste,16,1,0,553677.3906752933
91,5,3,Sur,29,0,1,503439.1827449074
163,1,3,Norte,38,1,1,395115.8341519508
84,4,3,Este,12,0,0,453830.453522583
99,4,2,Centro,31,0,0,471411.8221028848
88,5,1,Norte,49,0,0,264762.5247140493
54,3,1,Centro,28,0,0,480108.8955267365
124,2,3,Norte,45,0,1,361766.24995997007
112,3,3,Norte,29,0,1,443907.3632561269
113,2,3,Oeste,17,0,0,366104.6125061546
62,5,3,Este,12,1,1,521244.1599637706
132,2,2,Este,42,0,1,328703.77595256147
47,4,1,Norte,20,0,0,257030.26189028443
107,1,3,Sur,29,0,1,432854.3249026652
155,1,2,Sur,20,0,1,293274.4000788802
60,5,3,Centro,47,1,0,504401.685807641
73,4,3,Centro,16,1,0,558987.03978068
92,3,1,Oeste,39,0,1,388403.78624261887
74,4,3,Norte,18,0,1,458725.44996313273
43,1,1,Centro,14,1,0,283193.2101984769
92,1,1,Centro,8,0,0,418716.918037867
58,4,1,Norte,9,1,1,486550.0313392741
104,4,2,Oeste,43,0,1,434921.7478608226
62,1,2,Centro,30,1,1,427786.712058542
136,3,1,Oeste,22,0,1,521718.09502912255
66,5,3,Este,29,0,0,557254.7447518057
80,5,1,Oeste,32,1,1,441664.23284983524
114,4,3,Sur,8,0,1,599194.2496405576
53,5,1,Sur,46,0,1,390158.409487945
96,1,3,Oeste,0,0,0,360954.7908068875
129,1,2,Sur,43,0,1,198386.45841783355
41,4,3,Este,34,0,1,384480.7117305902
95,4,1,Norte,10,0,1,394358.82048317173
97,4,2,Sur,33,0,1,462402.94074466545
113,3,3,Sur,15,0,0,476554.0250201402
52,5,3,Oeste,8,1,1,452275.6824491844
50,4,3,Este,31,0,1,406898.25679978647
105,2,3,Norte,14,0,1,453093.0752397126
98,2,3,Oeste,11,0,1,386666.0518843277
97,1,2,Oeste,32,0,1,309453.18225011823
100,5,2,Este,44,0,0,439558.2733813542
69,4,2,Norte,13,0,1,450083.0115976313
96,2,2,Este,7,0,0,328434.2510965851
98,5,1,Norte,7,0,0,403170.9597932145
68,1,2,Este,26,0,0,169923.49262874865
145,3,3,Oeste,11,0,1,528467.6257227659
104,5,3,Oeste,0,0,1,574972.9127759441
54,5,2,Centro,42,0,1,503074.38776963874
109,3,3,Sur,39,0,1,379805.4978838824
60,5,2,Este,41,0,1,402740.5577259624
113,1,3,Centro,10,1,0,535345.589724407
124,1,1,Sur,38,0,1,241237.79590659865
65,3,1,Este,42,0,0,193946.76433492155
118,4,2,Norte,30,0,0,455182.58877700864
102,2,2,Sur,16,0,1,349756.16680676414
114,4,2,Oeste,32,0,0,411569.79327663884
146,5,3,Centro,31,0,0,704378.9153199755
82,2,2,Sur,28,1,1,364971.97213247465
67,3,1,Sur,20,0,1,351459.1836559363
63,3,3,Oeste,20,1,1,384053.8254350837
65,2,2,Este,39,0,1,266016.527382452
87,1,3,Norte,22,0,1,343476.30226043006
100,2,3,Oeste,5,0,1,332231.3133079379
98,5,2,Norte,21,0,0,476042.25465578545
114,1,3,Este,49,0,1,291039.55363224033
90,3,1,Sur,37,0,1,328064.372779372
133,2,1,Norte,36,0,1,372857.9449329121
82,4,3,Centro,44,1,1,580721.9257424261
171,4,2,Centro,7,1,0,740903.5949178222
108,5,3,Oeste,40,0,0,418320.52422029816
64,4,1,Este,48,0,1,334796.2283609174
57,2,3,Oeste,34,0,0,283223.33931949735
104,2,3,Oeste,10,0,1,350537.275312246
83,4,1,Oeste,23,0,0,414814.7501045673
111,2,3,Centro,48,0,1,551233.6652926409
104,5,3,Centro,20,0,1,633149.6962758085
87,1,2,Oeste,1,0,0,320251.05441368837
64,5,2,Centro,39,1,0,550225.9237907664
44,5,1,Este,18,0,1,382320.7665046412
76,2,1,Oeste,38,1,1,218961.98610989918
115,1,1,Centro,27,0,1,335711.32584523177
96,2,2,Norte,16,0,0,254402.08095241344
52,3,1,Oeste,5,0,1,437205.1039029559
95,2,1,Oeste,18,0,1,313244.51530383807
101,2,1,Este,37,0,0,239704.03354764148
63,2,2,Sur,27,0,1,343457.6912393903
94,1,3,Sur,1,0,0,275912.4448572056
91,2,1,Este,37,0,0,208656.79809977236
55,1,3,Este,36,0,0,226403.61346243107
100,4,1,Este,3,0,0,475438.44957117405
106,3,3,Sur,21,0,0,429084.25225843943
122,1,2,Este,25,0,1,324416.25712579413
121,4,2,Centro,48,0,0,488905.8867618008
48,1,1,Oeste,42,0,0,164011.79277633876
61,1,3,Oeste,35,1,0,291082.64525646274
105,3,2,Norte,12,0,1,369501.3862611532
105,5,1,Norte,31,1,1,505303.96108165756
105,5,1,Oeste,16,0,1,429315.5670541124
205,1,2,Centro,40,0,1,469054.1271450412
107,2,2,Sur,35,0,1,302967.6029255879
124,4,1,Sur,45,0,0,490969.0811391431
118,2,3,Centro,18,0,1,500005.2808124144
109,2,3,Sur,34,1,1,340788.02168692055
80,1,3,Este,45,0,1,253290.98946615378
112,1,1,Oeste,39,0,0,239967.9372818944
66,1,2,Oeste,27,0,1,335668.1973076262
82,1,1,Centro,0,1,0,382527.38000306406
75,5,2,Sur,41,0,1,353878.601298818
92,1,3,Norte,17,0,1,368841.85057154903
159,5,3,Norte,47,0,0,435970.06470501743
33,5,2,Sur,39,1,1,423192.22792462574
110,1,2,Norte,32,1,0,293118.9757244503
41,3,1,Centro,11,0,1,425518.32733499457
75,4,3,Centro,7,1,1,665458.2228537168
122,2,1,Sur,23,1,0,321818.28588568064
91,5,1,Norte,15,0,0,427313.53739166196
57,4,1,Centro,49,0,1,418286.4823525306
68,3,3,Centro,3,0,0,509479.8978759394
110,2,1,Este,37,1,0,320891.3587353961
68,2,1,Este,43,0,0,233800.288761129
96,5,1,Centro,26,1,1,646191.9754820869
91,1,1,Sur,8,0,1,304631.7057825484
70,3,1,Oeste,46,1,0,330679.2761754609
154,5,1,Oeste,15,0,0,424888.84166267613
109,3,3,Centro,11,0,0,529511.384958284
29,1,1,Centro,30,1,0,322975.37740008044
95,1,2,Centro,23,1,1,475447.0597285225
70,5,1,Sur,13,1,1,469382.4612883103
115,1,1,Este,44,0,0,174048.03625556774
66,4,3,Centro,24,0,0,479294.9662358201
86,2,3,Centro,33,0,0,436820.6949945672
105,5,2,Norte,2,0,1,592694.0527462105
115,3,2,Sur,23,0,1,388626.9946354199
53,4,3,Centro,41,0,1,536398.1156813524
79,5,3,Norte,8,0,0,509173.99045822973
75,1,1,Oeste,25,1,0,248785.7111418782
70,1,3,Centro,19,0,0,361430.78850910155
142,1,2,Centro,39,0,0,411330.56823010783
102,1,1,Norte,9,0,1,310278.8908393535
52,3,2,Sur,18,0,1,469791.2713823819
117,4,1,Centro,2,0,1,530388.7678501338
153,2,3,Oeste,23,1,1,502905.08510149876
120,3,2,Centro,4,1,0,545539.9495094244
44,3,1,Oeste,2,1,1,356535.65065056784
75,2,1,Este,26,1,0,302456.6431482514
128,2,3,Este,15,0,0,394867.6239703518
68,1,3,Oeste,48,0,1,387908.6777530046
103,3,3,Sur,14,0,0,405792.7092158399
113,5,2,Centro,34,0,1,528491.0635257658
62,2,1,Centro,11,0,0,383650.53587471927
88,2,3,Este,40,0,1,224267.99812268157
-7,4,2,Oeste,43,0,1,292402.1608697867
59,5,2,Centro,25,0,0,519801.264114758
82,5,2,Centro,46,0,1,569730.0191472606
52,2,3,Sur,33,0,0,324681.1124713924
138,1,3,Norte,22,0,1,338821.5190546141
47,4,1,Este,30,0,1,339469.2992685033
76,5,1,Este,49,0,1,349693.9584694664
93,2,3,Norte,19,1,1,368596.8722596153
133,5,2,Centro,11,0,0,636494.7389690317
46,4,2,Sur,22,0,1,328320.72257017007
124,4,2,Sur,3,1,1,537268.6549714068
90,3,1,Este,22,0,1,306241.30200503813
60,2,2,Sur,47,0,0,253484.15931451297
103,4,1,Norte,47,0,1,459071.5049633244
95,3,1,Centro,0,0,1,439920.6008598334
71,3,2,Norte,24,1,0,290349.07585512154
92,5,2,Oeste,1,1,1,573755.6557324966
78,5,3,Este,29,0,0,460784.88979788794
93,3,3,Sur,2,0,1,469932.9653378649
109,5,2,Oeste,20,0,1,486683.97423828277
137,4,1,Sur,24,0,1,438968.0350587284
52,1,1,Centro,19,0,1,342375.5205270301
153,4,1,Centro,48,0,1,569021.544632242
31,3,1,Centro,21,0,0,271247.56148408586
85,3,1,Sur,20,0,0,306553.0280484269
107,4,3,Oeste,32,0,1,473690.43969705317
98,5,2,Centro,37,0,0,488101.1947694632
71,5,3,Oeste,14,0,0,569558.4815883649
83,3,1,Sur,45,1,1,321229.5059885632
75,2,1,Oeste,14,0,0,274935.36564963585
72,5,1,Sur,45,0,0,389801.10484211455
115,4,1,Sur,24,1,1,447435.76055990526
100,5,2,Este,20,0,0,377671.34760977916
69,4,1,Sur,23,0,1,361567.27365417336
116,3,2,Sur,4,0,1,499472.02779635205
99,5,1,Norte,5,0,1,482155.24366074306
114,4,2,Centro,48,0,0,435678.28492705105
108,3,3,Este,42,0,1,440283.6104751361
65,2,1,Este,47,0,1,214461.25519884736
73,4,2,Este,43,1,1,401491.9593174891
112,2,3,Norte,46,0,0,317472.8044831655
108,2,1,Sur,22,0,1,362537.51048093935
89,1,1,Centro,3,1,1,562085.6765866273
93,5,1,Oeste,26,0,1,492361.8053828712
128,4,2,Sur,17,1,1,591991.9983194172
72,2,2,Norte,20,0,1,296701.69005060726
106,1,3,Sur,27,1,1,320706.59470152616
83,3,2,Sur,34,0,0,328116.56748095615
83,4,2,Norte,21,1,1,486358.4957629798
122,2,1,Este,39,1,0,270074.36293177016
114,5,1,Este,22,0,1,471235.27350479935
114,1,1,Centro,2,0,0,409965.88008595654
129,2,1,Centro,39,0,1,429019.669750904
90,5,1,Este,49,0,0,397214.39266921364
110,2,1,Oeste,9,0,1,366548.23650687217
80,4,1,Sur,24,0,1,366649.56703649723
99,4,3,Oeste,48,0,0,367304.9686675578
86,4,3,Sur,7,0,0,402052.43010030617
92,1,3,Este,10,0,0,401238.75195925473
107,4,3,Centro,4,0,1,619672.5182309647
65,5,1,Centro,44,0,1,475757.34721025743
152,2,3,Oeste,36,0,1,353560.39592737705
59,3,1,Centro,44,0,0,497782.8951163889
53,5,3,Este,37,0,1,395333.59838885523
124,5,2,Oeste,28,0,1,486557.60371969634
113,4,3,Sur,4,0,1,545791.8418143031
108,1,3,Centro,8,0,1,492010.6482872139
108,2,1,Norte,47,1,0,341896.6027607842
89,1,3,Centro,1,0,0,517380.4253884632
63,2,2,Sur,0,0,0,348307.8827730356
92,2,1,Oeste,39,0,0,191198.46000166662
69,1,1,Sur,29,1,0,228152.74374391092
119,5,3,Norte,10,1,0,604391.6186256943
85,2,1,Este,27,0,0,364411.30207529117
65,1,1,Centro,43,0,1,219109.72607878514
80,2,1,Oeste,11,1,1,428128.8252612614
102,3,1,Este,38,0,1,344995.71847732086
73,5,1,Sur,25,0,1,474891.52676147403
65,4,1,Oeste,12,0,0,365900.2641682034
97,2,2,Este,7,0,1,330878.3684936837
97,3,3,Oeste,27,1,0,470543.6389700666
74,4,2,Norte,29,1,1,488721.55135528103
75,4,1,Norte,8,1,0,487602.8482869861
96,2,1,Centro,38,0,1,379334.7682310682
46,1,3,Centro,30,1,0,346008.89883400756
47,2,2,Norte,20,0,0,189060.6502488079
68,3,3,Oeste,46,0,1,386968.6634069703
83,4,2,Norte,33,1,0,448194.4741221993
99,2,1,Centro,30,0,1,350710.86835680204
134,1,3,Norte,24,0,1,329071.3163351688
115,2,3,Norte,11,0,1,389662.059402428
85,5,1,Oeste,0,1,1,470850.7784008791
89,1,3,Este,21,0,1,276115.8801697433
59,3,2,Centro,39,0,0,334308.4821596823
89,4,2,Oeste,36,0,1,386376.04940560315
81,2,2,Norte,46,1,1,292065.1250835219
99,1,2,Norte,0,1,1,307649.75395666255
65,5,1,Este,0,0,0,546129.511528474
105,1,3,Centro,41,0,1,455627.03655146156
135,5,2,Centro,41,0,1,554049.0289240007
86,3,1,Sur,20,1,1,419621.0698326805
102,4,3,Centro,14,0,1,614873.2544910647
110,3,3,Este,16,1,0,527554.2927386739
77,2,1,Sur,21,0,0,224069.74866699608
96,1,1,Sur,37,1,1,336605.3391991213
90,5,2,Norte,34,1,1,484604.7347896533
92,5,3,Norte,44,0,1,407206.8797915693
66,1,3,Centro,15,1,0,462206.82796572486
90,1,1,Sur,7,0,1,350537.9212061214
104,2,3,Norte,46,0,1,461395.44867653423
133,3,2,Este,16,0,1,381013.7367454893
118,5,3,Norte,16,1,1,640945.9842540395
154,2,1,Norte,25,0,0,313509.9378103233
66,3,1,Sur,12,0,1,391167.93552620156
116,2,2,Sur,16,0,0,270475.52243843745
95,5,2,Oeste,37,0,1,397861.5112150718
155,1,3,Este,16,0,0,324206.2588416758
65,1,3,Sur,47,0,1,244948.2022834042
64,3,1,Centro,13,1,0,435945.93667308224
72,4,2,Este,44,0,1,406952.717195671
26,3,2,Este,5,0,1,407344.7309128957
74,4,2,Sur,34,0,1,425978.8770622678
67,2,3,Este,45,0,0,347939.3819830434
94,2,2,Sur,13,1,0,398791.33147276717
100,5,1,Norte,46,1,0,377155.1644829917
146,4,1,Oeste,7,0,1,560168.825676917
118,5,3,Norte,14,1,0,549742.1882197001
72,1,3,Sur,26,1,1,385520.9249842785
63,4,2,Sur,12,1,1,557686.7108277553
104,3,3,Norte,48,0,1,400834.40053651994
50,1,1,Centro,30,1,1,275192.0593417675
144,1,2,Centro,34,0,1,370089.39167451044
125,3,1,Centro,5,0,0,561137.2233442568
75,1,2,Sur,4,0,1,298543.8657178592
38,4,3,Este,21,0,1,419978.6767471083
130,5,2,Sur,48,0,0,481941.22080818046
86,1,2,Este,22,0,1,316816.1431040162
127,4,1,Norte,24,0,1,452939.99061927304
42,2,1,Oeste,33,1,1,275566.5814389767
72,4,2,Este,25,1,0,416366.57771338214
90,5,3,Centro,46,0,1,610894.9412645672
91,4,3,Sur,4,1,0,550678.4765533897
76,3,1,Norte,25,1,0,343134.99996911053
108,5,3,Centro,19,1,1,744105.6156496571
57,2,1,Norte,5,0,1,300548.2942435108
85,3,3,Oeste,5,0,1,402416.89128328033
93,4,2,Sur,49,1,0,367051.46505483275
105,5,1,Sur,17,0,1,432062.9581845117
111,2,1,Oeste,3,0,1,351379.4991698156
56,3,2,Sur,16,0,0,395686.21391680965
43,2,1,Este,13,0,1,236745.24094847456
128,4,3,Norte,13,0,0,501423.78805090516
99,2,3,Centro,12,0,1,462165.53271862934
67,1,1,Oeste,6,0,1,251984.54793642813
136,3,3,Este,43,1,0,364497.9394007374
93,2,1,Centro,14,1,0,433973.08854217315
125,4,2,Centro,18,0,0,539314.7310097519
92,4,1,Oeste,42,1,0,415014.39720178477
151,2,2,Este,46,0,1,360164.04566276853
142,4,3,Centro,43,0,1,516080.39375239774
82,5,2,Centro,34,1,0,628209.9122021771
119,5,3,Este,16,1,0,587515.1520110997
109,5,1,Sur,34,1,1,510919.67585887434
131,1,3,Centro,18,0,1,464540.8823307431
61,2,1,Norte,19,1,0,277112.127638889
110,1,1,Este,35,0,0,230890.1169874363
121,4,2,Centro,34,1,1,616779.4217964291
37,1,2,Oeste,31,1,0,147655.21543272224
54,4,2,Norte,47,0,0,293061.95813269523
28,4,2,Centro,43,0,1,419252.65147982055
81,3,3,Norte,39,1,1,435808.5302847139
111,5,3,Norte,23,0,1,594665.5502963563
135,4,3,Sur,16,0,1,484412.9592701609
92,3,1,Norte,6,1,1,415101.9076591079
138,5,3,Sur,42,0,0,468373.2944676725
48,4,3,Este,49,1,0,349923.6204947729
38,4,3,Sur,0,0,0,410640.6752443869
88,1,2,Oeste,34,0,0,268540.1109993986
101,1,3,Centro,31,1,1,406308.2252317827
89,5,1,Este,35,0,1,450390.71975764516
27,4,2,Este,12,0,1,307904.88849908323
87,2,1,Oeste,5,1,1,358933.1001778897
50,1,3,Sur,13,0,0,247525.5349891007
110,5,2,Centro,36,0,0,631742.9836457032
100,4,1,Sur,47,0,1,352259.8847623656
61,4,3,Norte,14,1,1,392937.82632745407
74,2,1,Sur,46,1,1,192055.5546569375
58,5,1,Este,3,1,1,513701.4793173341
88,4,1,Centro,39,0,1,500688.54278949543
118,1,3,Sur,15,1,1,426772.79288136266
60,2,3,Centro,27,0,0,404378.50529004954
105,5,1,Centro,15,0,1,643112.9798752833
74,2,2,Norte,3,0,1,331020.43896314345
66,1,2,Norte,44,1,0,282745.52780134126
86,5,3,Este,25,1,1,474399.25574867916
58,2,3,Oeste,27,0,0,248752.6083530967
73,3,3,Centro,31,0,1,390647.9302534092
54,1,3,Oeste,44,1,0,242257.73496651038
148,1,3,Este,1,0,1,413686.9391366829
91,1,2,Centro,30,1,0,396705.074611326
69,3,3,Centro,2,0,1,538094.1676443567
96,3,1,Oeste,7,0,0,315622.3334594136
86,4,1,Sur,23,0,0,360487.9577793392
83,2,2,Norte,14,0,1,270127.6665697126
108,4,1,Sur,42,1,1,502161.4487566125
112,2,2,Oeste,30,0,0,296818.69635509996
74,3,2,Norte,8,1,0,393555.69404781546
72,3,1,Sur,38,0,1,385447.01642220415
81,4,3,Norte,44,0,1,350887.67332253855
20,5,1,Centro,1,0,1,471720.64429840154
44,4,1,Sur,7,0,0,305188.9837565718
131,2,2,Norte,6,1,1,455606.4309150259
139,4,1,Norte,43,0,0,404581.58148187987
82,1,2,Norte,38,0,0,252983.77340589167
107,2,3,Sur,41,0,1,473599.76587474847
99,2,3,Este,15,0,1,276528.3772899618
182,5,3,Sur,34,0,1,614436.7794562208
123,3,1,Oeste,29,1,0,367143.4713713884
86,2,2,Sur,9,0,1,328679.2425555613
61,3,3,Norte,37,0,1,326011.39358730614
41,4,2,Centro,17,0,1,451561.51645960135
96,1,2,Sur,49,1,0,342226.2417301726
67,5,3,Sur,4,0,0,541114.8663506951
47,3,3,Norte,28,0,0,332159.7989278687
70,2,2,Centro,38,0,1,451550.78762435005
57,3,3,Centro,33,0,0,355373.5517350562
140,2,2,Oeste,42,0,1,279464.7434334537
116,3,2,Sur,44,0,0,229101.61339026561
89,2,3,Centro,22,1,1,480029.2729938356
134,4,1,Centro,4,0,0,564084.9263352377
92,2,3,Este,29,1,1,409142.9288966167
64,2,1,Este,5,0,1,321467.095552994
135,1,2,Centro,45,0,0,284447.1584466959
106,2,2,Oeste,43,0,1,350157.7371307011
58,1,1,Centro,3,0,1,373981.3759119499
84,5,2,Norte,28,1,1,554652.7140732999
63,1,1,Sur,22,0,1,134361.89112049743
48,4,1,Oeste,5,0,0,383574.5429398895
117,1,2,Norte,31,0,0,205611.73800412365
147,5,1,Oeste,41,1,0,475133.8373724319
48,4,3,Norte,17,0,0,430718.24493181915
106,3,3,Sur,14,1,0,472554.6803127957
70,3,2,Sur,39,0,0,259423.00101103407
75,1,2,Este,31,0,1,253313.65780922092
72,1,1,Norte,8,0,1,189423.23423781784
64,5,1,Este,36,0,0,429513.3697949148
91,5,1,Norte,9,0,0,442735.79902518744
65,2,1,Este,19,0,1,342927.4972127663
98,5,3,Sur,5,1,0,551673.4156451978
88,2,3,Oeste,47,1,0,307821.20057967084
82,4,2,Este,2,1,0,449790.6606681077
62,1,1,Norte,41,0,1,233808.69658465375
72,4,1,Norte,10,0,1,376528.4421335762
112,5,2,Sur,42,0,0,470229.7716207588
105,4,1,Norte,16,1,1,463877.38011653547
60,4,1,Centro,31,1,1,409201.83500541904
92,4,1,Oeste,3,0,1,417484.2966106767
112,5,1,Este,3,0,1,457044.5892818576
39,4,1,Oeste,16,0,1,368695.1361841169
106,2,2,Sur,40,0,0,226479.6132162755
70,5,1,Este,18,0,0,460298.75503573084
107,4,2,Este,4,0,1,484446.20698234864
67,5,1,Centro,31,1,1,556120.2002620631
35,3,3,Sur,21,0,1,395794.60688937915
41,2,3,Norte,5,0,1,399195.34670379316
91,4,3,Centro,34,1,1,591995.0624115174
97,3,3,Centro,21,0,0,456439.9850225355
62,3,2,Oeste,0,0,1,313301.51919439354
109,5,2,Oeste,19,0,1,476697.512148241
40,3,1,Oeste,21,0,1,277139.3876676019
88,2,3,Centro,47,0,1,419352.8726496148
53,2,2,Norte,10,1,1,355742.65594309865
70,1,1,Este,12,0,0,260396.6486025714
91,2,1,Oeste,41,0,1,238350.83643646553
64,3,2,Norte,2,0,0,367147.9416573529
78,2,3,Sur,8,0,1,441199.3721598445
120,5,1,Oeste,11,1,1,575091.2606977483
72,1,3,Este,22,1,0,314998.1229155718
115,3,3,Sur,13,0,1,428902.77790324116
56,1,3,Sur,32,1,1,280338.4301642511
105,3,1,Este,17,0,1,338469.3373524026
133,5,3,Oeste,48,1,0,499949.656710855
15,1,1,Centro,40,0,1,282783.2919372157
66,4,3,Este,8,1,1,508905.58643538656
107,3,1,Este,22,1,1,355511.34653093846
83,4,3,Este,9,0,0,543408.4646529892
101,1,2,Sur,18,0,1,320998.25955725816
71,4,3,Norte,46,1,1,378652.82997434156
92,4,3,Centro,4,1,0,601907.5536379588
85,1,1,Oeste,46,0,0,178544.31914142088
125,5,1,Oeste,22,1,0,596229.6046648689
97,4,3,Norte,29,0,1,403594.3770870565
100,4,2,Este,24,0,1,490802.03596779733
77,5,2,Centro,27,0,1,632974.3213486172
75,4,1,Oeste,33,0,0,307567.2847462715
77,4,2,Oeste,44,1,1,415124.31905698834
101,4,3,Este,47,0,0,345184.53763131145
77,2,1,Norte,46,1,0,254826.94294598475
98,5,3,Centro,24,0,1,618170.5012828534
152,4,1,Norte,9,0,0,496982.49990411854
116,5,1,Norte,13,0,1,554509.1735510223
80,3,1,Centro,41,0,0,340595.19676891767
126,3,1,Centro,45,0,1,347633.7467887003
77,4,2,Oeste,29,0,1,407937.7610361879
28,5,3,Oeste,40,0,1,432676.876498432
59,5,3,Centro,24,0,0,563470.8843842521
33,5,3,Sur,13,0,0,430666.3376245478
79,2,1,Oeste,34,0,1,277237.6049831967
90,3,2,Sur,47,1,0,431772.24041761237
140,5,3,Centro,33,1,1,713086.7084481255
99,5,2,Oeste,9,0,1,502331.5787498458
83,2,1,Norte,34,0,0,219990.1091452002
114,2,3,Centro,10,0,0,475507.38211611344
23,5,2,Este,10,1,1,574836.998091532
97,1,1,Sur,20,0,1,257834.96452369014
113,5,2,Centro,20,0,1,612010.2827739646
45,5,3,Centro,21,0,1,548884.3214531848
124,2,3,Oeste,44,0,1,410949.1678720982
100,2,1,Oeste,6,0,0,415991.86273723375
77,5,1,Oeste,16,1,1,527530.6524715694
108,5,1,Este,1,0,1,520138.6451892713
158,5,2,Oeste,11,0,0,547839.1416587117
95,2,2,Centro,41,0,0,253784.6605607127
97,5,2,Oeste,17,0,0,510257.54321424087
76,5,1,Norte,10,1,0,492708.3207997922
64,4,3,Oeste,15,0,1,475417.10253303626
114,1,3,Este,48,1,0,272426.8902958148
64,3,2,Norte,17,0,0,320777.1560511454
92,1,2,Centro,34,0,0,313448.75317484135
75,4,3,Centro,25,1,1,646081.1492036519
104,3,3,Sur,15,0,1,425062.0081698453
100,5,2,Norte,5,1,1,684133.0161054899
121,4,2,Sur,43,0,0,416543.1209507519
74,5,3,Norte,42,1,1,446215.8670002134
81,2,1,Norte,46,0,1,242572.68533740216
60,4,2,Este,46,0,0,295416.2438921792
76,2,3,Sur,47,1,0,212280.8765089988
101,4,3,Este,41,1,0,538973.5470056895
112,4,3,Norte,11,1,0,565157.1271110002
62,2,3,Centro,12,1,1,534660.3658949656
116,3,1,Norte,3,1,1,478270.18301498523
130,1,3,Este,38,0,1,254899.1215653781
102,5,2,Sur,1,0,1,515819.14302222815
146,4,1,Sur,25,0,1,498089.0387392006
66,5,3,Este,26,0,1,431438.99851087487
52,2,1,Sur,26,0,1,133411.53418745933
36,5,2,Oeste,14,0,0,406644.6996109537
134,2,3,Centro,7,0,0,502912.1222986231
109,5,2,Centro,6,0,1,643778.1708207355
88,1,3,Centro,46,0,0,372425.9321757268
98,1,3,Sur,45,0,0,279880.29061156046
56,1,3,Sur,39,0,1,260938.49026219608
163,1,3,Norte,11,1,1,520776.56940433546
93,1,3,Norte,12,1,1,313051.51095933426
93,1,1,Centro,42,0,1,344229.0907238695
111,2,3,Oeste,16,0,1,430326.91816684714
104,4,3,Norte,16,0,1,430021.885695988
96,5,1,Norte,35,0,1,360856.46956588054
66,1,1,Sur,20,0,1,198702.89367621994
104,2,1,Oeste,7,0,1,316922.92787423544
146,2,1,Centro,4,0,1,535670.9731751216
130,2,1,Norte,25,0,1,309273.06081544526
137,4,1,Oeste,15,1,1,474182.5740859398
74,5,3,Oeste,35,1,0,463418.31316527206
60,4,3,Centro,27,0,0,551931.6167077105
86,3,2,Oeste,28,0,0,340652.1687188476
91,2,3,Oeste,46,0,1,310037.4487321544
122,3,3,Oeste,11,0,0,434499.72506494744
39,1,1,Norte,36,1,0,261603.01671632612
135,1,1,Centro,29,0,1,349541.41366983793
85,4,3,Oeste,22,1,0,546775.4145470052
77,5,2,Oeste,15,0,1,497524.8149460752
59,3,1,Norte,13,1,0,354979.0309012326
40,5,3,Centro,9,0,1,717045.0248967141
114,4,3,Sur,6,1,1,519218.0255100702
92,1,2,Norte,44,0,1,226315.7120216497
51,5,2,Centro,36,0,1,457378.4380418
51,5,1,Oeste,28,0,1,452623.0985268085
79,1,2,Centro,2,0,0,469459.44668258395
140,3,3,Centro,14,1,0,685496.1390702319
82,1,3,Centro,35,1,0,463197.43765730027
44,5,2,Sur,46,1,1,432118.9766102017
82,3,2,Centro,45,0,1,413737.95112550765
81,3,2,Sur,18,1,1,351441.51137529674
9,1,2,Oeste,12,0,0,296793.67675908963
88,5,1,Sur,41,0,1,439448.9039074234
83,4,2,Oeste,20,0,1,408402.1547565258
110,5,1,Oeste,36,0,1,514402.8444493484
145,2,3,Sur,26,0,1,364361.7741619999
123,4,2,Norte,28,0,0,447331.1017111337
81,3,1,Este,19,0,1,344368.5432854583
56,4,2,Centro,24,1,1,579933.856994015
167,3,3,Este,5,0,0,493821.32304069394
91,3,3,Centro,35,0,0,388453.60544443876
90,4,3,Centro,1,0,1,611778.8186335019
89,3,2,Oeste,21,0,1,439443.2070937681
95,3,2,Centro,31,0,1,471539.17970730073
85,2,1,Centro,15,0,0,423755.7560794543
72,5,3,Sur,17,0,1,455723.5257162973
73,5,2,Este,4,0,1,503686.9603365074
89,2,3,Sur,35,0,1,307774.47724557115
73,4,3,Centro,29,1,1,622349.0420052354
68,1,1,Oeste,44,0,0,161574.5781130998
93,1,1,Sur,18,0,1,301503.6838168306
82,1,1,Sur,22,1,0,322385.52130789333
135,2,1,Norte,33,0,1,363580.9287560694
10,2,3,Centro,12,0,1,419655.9217146822
122,3,1,Oeste,42,1,1,348089.3870744297
127,1,1,Sur,28,0,1,280860.6944666549
27,4,1,Sur,35,0,1,290345.47989920835
79,4,1,Oeste,21,0,1,379796.80216478865
78,1,3,Centro,46,0,1,337273.2924624875
47,1,1,Norte,35,0,1,138003.72126088777
66,1,3,Sur,8,0,1,222133.0705433005
56,2,2,Norte,38,0,1,236592.84758361167
142,2,3,Este,18,0,0,405668.972596208
118,2,3,Centro,37,0,1,396591.1477286255
128,5,1,Este,5,0,0,498784.1118235812
111,4,2,Este,46,0,1,504013.42121554824
56,4,2,Este,14,0,0,439152.82776261197
74,3,2,Centro,19,0,1,558177.0754560265
104,2,2,Centro,8,1,1,547556.3938466363
53,5,3,Oeste,31,0,1,519375.4911493223
111,5,2,Norte,3,0,1,508801.76347661065
82,4,3,Norte,49,0,0,341782.9866489008
78,2,3,Oeste,17,0,0,197042.98969312635
111,3,3,Oeste,4,1,0,552307.2737021149
103,2,2,Este,19,0,1,432016.1989909943
79,1,1,Oeste,22,1,1,267341.1377326365
124,2,1,Sur,10,0,1,351302.41468013823
57,1,2,Norte,36,1,0,207306.89431545194
108,1,1,Oeste,21,0,0,265132.6775738746
107,3,1,Sur,3,1,1,517246.62726516207
80,4,3,Sur,28,0,1,356861.4013059479
99,2,3,Sur,43,0,1,353471.92653211264
52,1,2,Sur,33,0,1,212166.41141404273
117,2,2,Este,12,0,1,388669.71959833446
84,4,1,Sur,41,1,0,404949.70008371456
74,4,3,Este,8,0,1,468589.87806135893
121,5,2,Este,41,0,1,473820.65732971096
68,4,2,Sur,30,1,0,407306.24162226805
47,3,2,Norte,6,0,1,423515.81008941407
43,1,2,Sur,3,1,0,317937.9980063748
108,5,2,Sur,18,1,1,573029.1768868681
51,3,2,Sur,41,0,0,215452.41394538587
142,2,1,Norte,29,1,1,375071.0128393423
27,1,3,Centro,30,0,0,351933.4580169587
140,4,3,Centro,34,0,1,593884.8286561961
96,1,2,Este,20,0,1,328976.57347945694
87,2,3,Este,30,0,1,435325.5900163817
73,5,3,Norte,18,1,1,608930.3034604408
101,5,3,Oeste,30,1,1,565657.9168849871
88,5,2,Centro,31,0,0,510450.54149021365
123,4,2,Este,1,0,0,353322.52019720507
93,3,3,Centro,9,1,0,556580.7538763573
94,3,3,Norte,1,0,1,445699.37520915753
79,1,2,Norte,1,0,0,306518.30971976876
88,4,1,Oeste,23,0,1,394304.7386512656
99,5,3,Oeste,16,1,1,570980.7470281603
38,5,1,Norte,31,0,0,267030.05347463896
49,2,3,Este,15,1,0,312001.6085424967
112,2,1,Centro,15,1,0,485832.55204002786
95,5,1,Sur,45,0,1,500795.38155663473
84,5,1,Oeste,38,0,0,383123.7308127188
90,4,2,Sur,30,1,0,456390.5536787062
100,3,1,Este,42,0,1,373623.9078476403
73,2,1,Oeste,23,1,1,296455.3031899875
66,3,1,Sur,0,1,0,414340.70216427214
95,4,3,Este,10,0,0,427975.49468339205
60,5,1,Centro,20,1,0,593241.2219245506
102,3,3,Este,3,1,1,523570.1523975866
38,5,1,Oeste,6,1,1,500922.590699072
120,5,1,Norte,25,0,0,410870.07012907055
104,1,2,Centro,46,0,0,357351.6179805392
97,3,3,Sur,49,0,1,473235.6460615508
119,3,1,Oeste,11,0,1,356604.41522858967
139,5,3,Norte,30,0,0,502012.0496176238
120,4,3,Este,16,1,1,569580.3737084046
34,1,2,Norte,32,0,0,219320.31059979083
51,5,2,Oeste,10,0,0,413022.68573552655
71,2,2,Oeste,27,0,1,165348.485492863
90,2,2,Norte,31,1,1,435959.47470820125
105,1,2,Este,0,0,1,383025.30597920716
68,4,2,Norte,46,0,1,278852.62347566674
95,5,2,Oeste,27,0,1,450621.5604110222
67,3,2,Oeste,41,1,1,453409.1214763663
71,1,1,Sur,6,0,1,341389.8209228933
47,4,3,Sur,1,0,1,511932.0011339472
62,3,2,Centro,41,1,1,461194.37830200687
49,2,2,Oeste,23,1,0,317149.3709406255
60,2,3,Sur,3,1,1,417453.7097436937
121,3,1,Norte,43,0,1,401411.9891634419
61,1,3,Este,18,0,1,251207.8796752445
168,2,3,Norte,25,1,0,417710.0172557898
104,5,2,Este,10,0,1,574513.7293418008
95,3,3,Sur,39,1,1,434781.92722442193
64,3,3,Centro,49,0,0,474923.36777269037
111,2,2,Norte,42,0,1,283424.38965097273
72,1,2,Norte,10,0,0,259261.08198305874
93,5,2,Norte,44,0,0,368879.3507578023
166,1,2,Este,2,0,1,402368.1340711784
87,4,3,Sur,11,0,1,411072.65315006004
124,4,3,Norte,2,1,1,565618.3289522518
68,2,1,Norte,41,0,0,144187.3067535941
88,2,1,Centro,26,0,1,430696.1616595629
143,2,3,Centro,48,1,0,522829.46698798257
71,4,1,Sur,1,0,0,312486.86347578274
144,1,3,Sur,48,0,0,354694.28727502865
111,1,1,Oeste,15,1,1,465870.7563209927
73,2,2,Centro,1,0,1,463300.3193368171
108,5,1,Oeste,29,1,1,477944.28698876774
119,1,2,Este,19,1,1,512216.5295501523
108,4,2,Oeste,37,1,0,378051.57508487446
42,3,2,Norte,27,0,1,329005.3233434549
68,3,2,Oeste,24,0,1,368981.11363159615
82,3,1,Sur,31,0,1,397257.3810226207
87,5,3,Este,9,0,0,526986.9487563394
108,2,2,Norte,41,1,1,341068.30521057744
95,4,1,Oeste,39,0,1,329440.7814806022
49,5,2,Este,32,0,1,407908.9089876932
101,4,1,Este,12,1,1,436653.6319527428
108,4,1,Norte,40,0,0,360391.26598923415
106,2,1,Oeste,41,0,1,255790.19100697569
122,3,3,Este,46,0,0,295298.11033551244
115,2,1,Este,36,1,1,415757.2894187452
103,5,1,Centro,15,0,1,558116.373828548
87,5,3,Este,44,1,0,425593.15975123434
40,5,3,Centro,21,0,1,559587.0432756229
102,2,1,Oeste,19,1,1,377418.5782983829
96,4,3,Oeste,49,1,0,350676.66372104833
98,4,2,Oeste,42,0,1,420582.38335628813
51,1,2,Sur,26,0,0,156642.12156548677
57,5,3,Oeste,40,0,1,532551.4404595394
121,4,3,Este,15,1,1,587198.0256038368
88,1,1,Norte,33,0,1,212005.00049453418
110,4,3,Centro,31,0,1,530741.6114841325
90,5,1,Sur,25,0,1,444751.6146218188
90,3,2,Oeste,24,0,1,412639.53707916447
118,5,3,Oeste,1,0,0,554725.29357074
74,2,1,Norte,11,0,1,301142.0596431572
92,4,1,Norte,39,0,1,376918.5145408948
76,4,2,Sur,8,1,0,439807.05343815224
76,2,3,Centro,11,0,1,456839.7036578481
80,2,2,Oeste,25,0,1,215710.3780547498
96,3,1,Sur,8,1,1,488686.3115426184
75,4,1,Este,9,1,0,451939.8890160881
127,4,3,Este,31,1,0,466327.2077983285
63,3,1,Sur,33,0,0,371936.74906776194
84,1,3,Oeste,47,0,1,264350.8240196193
76,3,2,Sur,19,0,0,296192.8214012402
133,5,3,Oeste,38,1,1,619836.871073523
95,4,3,Norte,1,0,0,502902.4108254631
120,2,1,Sur,0,0,1,399728.99927421095
45,5,1,Oeste,35,0,0,333712.2197674205
98,4,3,Sur,23,0,1,494524.78618890175
116,3,1,Sur,26,0,0,330912.08548894525
92,5,1,Oeste,1,0,1,527797.0725822921
121,4,1,Oeste,30,0,0,295752.77729946806
74,1,3,Centro,13,0,1,396306.32685104053
132,1,1,Sur,1,1,1,476107.75489040976
158,2,3,Este,28,1,0,403646.62722998497
79,4,1,Sur,14,1,1,430808.0851253407
76,1,2,Sur,11,1,1,321601.93307750125
133,3,1,Oeste,36,0,0,280259.69320556783
137,4,1,Sur,27,0,1,332585.96118858736
74,3,3,Sur,19,0,0,364470.68007381936
77,3,3,Este,38,0,1,377792.97120408283
81,1,1,Oeste,23,0,1,242374.7465730674
49,4,2,Sur,20,0,0,361756.07190260565
62,5,1,Norte,9,0,1,456152.0435425194
59,1,1,Centro,45,0,1,330142.0735775382
66,1,2,Este,13,0,1,270477.6907035392
88,4,3,Sur,36,0,1,407295.87114563654
97,4,1,Norte,17,1,1,458943.72575559566
136,3,3,Sur,23,0,1,488967.3379878388
60,4,3,Sur,13,0,0,494601.34392716247
119,3,2,Oeste,33,0,1,361592.8130415411
83,1,2,Oeste,11,0,1,305946.6893514442
88,2,3,Oeste,21,0,1,382917.872096798
110,5,1,Norte,5,0,1,460371.0996635589
56,1,3,Sur,35,0,1,257020.8583606459
101,4,1,Centro,44,0,1,399716.3071328952
94,5,1,Este,35,1,1,395547.48481303005
104,2,2,Oeste,21,1,0,390337.32039461285
98,2,1,Oeste,13,0,1,312806.2629334609
163,3,1,Sur,15,0,1,453114.02038106095
70,5,3,Sur,35,1,0,489105.2511495825
74,3,2,Norte,24,0,1,317179.9975668101
71,1,1,Norte,31,0,1,216737.2849017832
73,5,1,Oeste,32,0,0,327344.9347492572
70,1,2,Sur,44,1,0,311548.61790007004
125,3,3,Centro,35,0,0,427201.4827570018
132,5,2,Este,19,0,1,524210.73645157093
72,3,2,Sur,17,1,0,345886.4205976376
65,5,1,Sur,37,0,0,399521.0586680398
104,3,1,Norte,2,0,1,393428.43143592484
73,2,3,Este,22,1,0,343066.6640189395
108,3,1,Oeste,31,0,0,368660.0772525777
96,2,1,Sur,44,0,0,239471.52958387762
44,3,2,Oeste,15,0,1,379832.22229679837
136,5,1,Sur,4,0,1,488933.70317412674
143,5,3,Oeste,3,0,0,506759.15280362463
71,5,2,Este,20,0,1,476360.3981020067
78,4,3,Norte,39,0,1,404057.68222526344
98,1,2,Este,13,1,0,363321.7336226972
100,5,1,Centro,38,0,0,500004.5773668725
109,2,2,Norte,30,0,0,319253.7669617315
150,5,2,Este,13,0,1,482830.87350293784
84,4,1,Centro,5,1,1,678421.8469807128
66,2,1,Sur,11,0,0,265787.9007483984
48,4,3,Sur,15,0,1,472879.34851695993
68,2,3,Oeste,16,0,0,284195.41648901865
89,3,1,Norte,44,0,1,326400.495110867
143,1,1,Sur,22,0,1,243857.76182376273
74,1,1,Norte,13,1,0,300603.39191298356
96,4,2,Sur,6,0,1,456201.2957807084
89,1,2,Oeste,45,0,0,210459.52519677838
125,4,2,Este,31,0,1,487898.7015065049
165,4,1,Oeste,14,1,0,455372.984438986
74,4,3,Centro,43,0,1,473775.41346936015
75,1,1,Sur,16,0,0,245866.21405433828
121,4,2,Centro,40,0,1,635911.0737273373
110,1,2,Centro,46,0,0,321095.8832669259
145,4,1,Norte,43,0,1,448556.80589619663
107,5,1,Sur,33,0,0,415651.426507076
79,4,2,Centro,4,0,1,658112.279737815
107,2,2,Este,44,0,0,191638.91665173724
123,4,2,Centro,26,0,0,535731.0522334679
114,3,1,Este,22,0,1,298722.79832189693
105,4,2,Norte,39,0,0,261671.42147316417
122,2,2,Centro,13,1,0,520873.1026558908
125,2,3,Oeste,14,1,1,473974.88980737294
131,1,1,Norte,42,1,1,292758.1531128899
109,5,3,Este,32,1,0,529690.2954980123
84,4,3,Norte,30,0,1,598914.9717035629
94,1,2,Centro,34,1,1,403091.2430984283
126,5,1,Sur,16,0,0,499506.2180625037
65,4,2,Sur,27,0,1,368531.75901930593
101,3,1,Este,18,0,1,389761.62875203014
78,4,3,Este,45,0,1,396088.3162472191
90,2,1,Sur,22,1,0,305474.0758635135
128,2,2,Este,31,0,1,446944.92661001626
95,3,2,Norte,39,0,0,385859.24815921695
91,1,2,Oeste,12,1,0,333837.33236996154
49,5,1,Oeste,19,0,0,275789.40320280165
112,4,3,Norte,34,0,1,445949.5388373715
109,2,3,Oeste,4,1,1,606151.3782202542
154,1,1,Centro,8,0,1,436466.9166680146
80,3,2,Norte,28,0,1,419160.8786026829
96,2,3,Este,5,0,0,448097.1200976301
97,3,2,Norte,24,0,0,369948.19579279877
137,4,1,Sur,30,1,0,414908.9184065924
87,5,2,Este,21,0,0,333234.38341085555
98,2,3,Sur,1,0,1,450208.1604304477
108,2,3,Este,44,0,1,299262.1998588226
95,4,2,Oeste,4,0,0,455807.5225943846
76,1,1,Norte,26,1,0,191508.9830205318
95,5,2,Centro,24,0,0,543738.1229764898
122,2,1,Este,7,0,1,369685.95274505264
59,5,2,Este,0,0,1,512429.6790522149
93,2,3,Sur,19,0,1,319258.8906323793
68,5,1,Oeste,43,1,1,501845.5474380676
125,3,1,Sur,22,0,1,361155.26076340146
44,2,1,Sur,31,0,0,128276.52697733774
73,5,3,Oeste,10,0,0,487548.8290018268
101,1,2,Centro,38,1,1,416718.765451323
136,3,3,Sur,46,0,1,422029.471658588
88,3,1,Sur,23,1,0,440106.62018425396
73,1,2,Este,10,0,1,281177.558163207
146,5,3,Oeste,28,1,1,604019.0187815614
46,4,1,Norte,25,0,1,300840.78093834536
24,1,1,Centro,15,0,1,345027.67514439486
103,5,3,Centro,34,0,1,614215.4532039051
74,1,3,Oeste,19,0,1,284998.61363529187
59,1,3,Este,45,1,0,163766.26532672683
111,2,1,Este,2,1,0,459220.6097527544
97,5,3,Oeste,0,0,0,475616.0017771971
73,4,1,Este,46,0,0,281436.09953151474
51,2,3,Centro,0,0,1,488917.2255538002
116,1,1,Centro,16,1,1,384172.1035691657
109,1,1,Norte,1,0,0,212324.5110873428
87,1,2,Oeste,28,0,1,164802.62086496677
145,5,3,Sur,19,0,0,583049.8476452818
57,5,3,Sur,5,0,0,459740.6877636839
44,2,1,Norte,7,0,0,406363.5046236665
69,4,1,Norte,28,0,0,293282.2467184563
88,2,1,Este,47,0,0,177927.44882855393
97,3,2,Norte,32,1,1,394730.3514857299
82,1,2,Norte,2,0,1,330156.73275692447
100,1,1,Sur,34,0,1,218489.83306073444
52,1,3,Este,4,0,0,314616.6107001256
133,2,3,Norte,26,1,0,372070.5805005673
87,2,2,Norte,43,0,0,191920.41407682095
123,1,2,Este,11,0,1,251089.2630295446
100,2,1,Oeste,19,0,0,180821.29160314018
103,5,3,Este,44,0,1,459096.5490262472
107,5,1,Sur,19,0,1,463950.9843803389
103,2,2,Oeste,8,1,1,395428.14862584084
109,1,3,Centro,38,1,1,515170.2898593581
129,2,3,Este,3,0,0,474401.51048040675
95,2,2,Sur,18,0,0,302259.8506277749
111,2,1,Oeste,37,1,0,227303.94434040185
87,3,1,Este,26,0,1,316664.74459724734
133,5,3,Norte,44,1,0,505008.93030414695
69,4,2,Este,42,0,0,312143.25188609713
144,4,3,Centro,12,1,1,655114.0548050877
88,3,2,Este,12,1,0,391326.85521375964
47,2,1,Oeste,21,1,1,295672.91920511203
93,3,2,Oeste,27,0,1,347222.94505922217
69,3,1,Este,46,0,0,267416.1254312796
115,1,2,Oeste,44,1,0,305018.4357952431
70,5,3,Norte,21,0,0,422467.74564087554
76,4,1,Este,42,0,1,415553.26630035165
33,2,3,Norte,18,1,1,317996.8849079693
76,4,3,Norte,7,1,1,451109.9693092331
17,4,1,Sur,7,1,1,432038.9035682526
42,5,1,Este,41,0,1,329129.593279283
112,4,3,Oeste,25,1,0,518064.5735378694
113,4,3,Norte,47,1,0,338816.56994497345
102,3,3,Sur,25,0,1,491622.7970741534
60,5,3,Este,22,0,0,489614.6704020201
88,1,1,Este,42,0,0,108976.17254184991
89,2,1,Centro,12,0,1,351061.1438076857
55,4,3,Centro,27,1,1,654613.2952048763
135,2,2,Norte,8,0,1,372131.00482510205
116,1,2,Centro,19,1,1,426290.7575633688
83,2,1,Norte,18,1,0,213697.39529253586
90,1,3,Oeste,47,0,1,248461.08971992228
96,3,3,Norte,38,1,0,398614.01925821236
28,4,1,Centro,11,0,0,471774.65483847423
82,1,2,Oeste,14,1,1,274046.07859077625
69,2,2,Centro,30,0,0,292985.6603879695
59,4,2,Norte,13,1,1,495548.13173882384
81,3,1,Sur,10,0,0,391336.50356135325
143,4,2,Este,25,0,1,404442.3824441058
109,1,1,Centro,41,1,0,411075.70431498706
72,3,1,Norte,26,0,1,331877.0920743411
107,2,3,Oeste,10,0,1,461590.2669537323
